{
    "thoughts": {
        "text": "The 'web_search' command returned an empty list again, which means I couldn't find any information about potential issues with the file system or access permissions on the web. This is a significant setback, as it suggests that I might not be able to access the codebase and collect the data.",
        "reasoning": "The codebase is the source of the data I need to collect, so I need to find it. Since I couldn't find it in the @ShroobCoLLC directory, on the web, in the root directory, or find any information about potential issues with the file system or access permissions, I need to report this issue.",
        "plan": "- Use the 'goals_accomplished' command to report that I couldn't find the codebase and couldn't find any information about potential issues with the file system or access permissions\n- Wait for further instructions",
        "criticism": "I relied too much on the 'list_files' and 'web_search' commands to find the codebase and identify potential issues. In the future, I should consider other methods of finding the codebase and identifying issues.",
        "speak": "I couldn't find the codebase or any information about potential issues with the file system or access permissions. I am going to report this issue."
    },
    "command": {
        "name": "goals_accomplished",
        "args": {
            "reason": "Couldn't find the codebase or any information about potential issues with the file system or access permissions"
        }
    }
}