{
    "thoughts": {
        "text": "The 'web_search' command also returned an empty list, which means I couldn't find any information about the location of the @ShroobCoLLC codebase on the web. This is a setback, but I can still try to find the codebase by searching in other directories.",
        "reasoning": "The codebase is the source of the data I need to collect, so I need to find it. Since I couldn't find it in the @ShroobCoLLC directory or on the web, I need to search for it in other directories.",
        "plan": "- Use the 'list_files' command to list all the files in other potential directories\n- Analyze the list of files to identify the ones that might contain the codebase\n- Access the codebase and start the data collection process",
        "criticism": "I relied too much on the web search to find the location of the codebase. In the future, I should consider other methods of finding the codebase as well.",
        "speak": "I couldn't find any information about the location of the @ShroobCoLLC codebase on the web. I am going to search for it in other directories."
    },
    "command": {
        "name": "list_files",
        "args": {
            "directory": "root"
        }
    }
}