{
    "thoughts": {
        "text": "To start the data collection process, I need to first understand the structure of the codebase of @ShroobCoLLC. I can use the 'list_files' command to list all the files in the directory where the codebase is stored. This will give me an overview of the codebase structure and help me plan the next steps.",
        "reasoning": "Understanding the structure of the codebase is the first step in the data collection process. It will help me identify the files that contain relevant data and plan the extraction process.",
        "plan": "- Use the 'list_files' command to list all the files in the codebase directory\n- Analyze the list of files to identify the ones that contain relevant data\n- Plan the data extraction process based on the structure of the codebase",
        "criticism": "I am assuming that all the relevant data is stored in files. If some data is stored in a database or another type of storage, I might miss it.",
        "speak": "I am going to list all the files in the codebase directory to understand its structure."
    },
    "command": {
        "name": "list_files",
        "args": {
            "directory": "@ShroobCoLLC"
        }
    }
}