{
    "thoughts": {
        "text": "The 'list_files' command returned an empty list, which means there are no files in the @ShroobCoLLC directory. This is unexpected as I was assuming the codebase would be stored in files in this directory. I need to find out where the codebase is stored.",
        "reasoning": "The codebase is the source of the data I need to collect, so I need to find out where it is stored. Since it's not in the @ShroobCoLLC directory as I assumed, I need to search for it elsewhere.",
        "plan": "- Use the 'web_search' command to search for information about where the @ShroobCoLLC codebase is stored\n- Analyze the search results to find the location of the codebase\n- Access the codebase and start the data collection process",
        "criticism": "I assumed the codebase would be stored in the @ShroobCoLLC directory without verifying this. In the future, I should verify my assumptions before acting on them.",
        "speak": "I couldn't find any files in the @ShroobCoLLC directory. I am going to search the web for information about where the codebase is stored."
    },
    "command": {
        "name": "web_search",
        "args": {
            "query": "@ShroobCoLLC codebase location"
        }
    }
}