{
    "thoughts": {
        "text": "The 'list_files' command returned an empty list again, which means there are no files in the root directory. This is unexpected and suggests that I might not have access to the directories or there might be an issue with the file system.",
        "reasoning": "The codebase is the source of the data I need to collect, so I need to find it. Since I couldn't find it in the @ShroobCoLLC directory, on the web, or in the root directory, I need to investigate why I can't access the files.",
        "plan": "- Use the 'web_search' command to search for potential issues with the file system or access permissions\n- Analyze the search results to identify potential solutions\n- Implement the solutions and try to access the codebase again",
        "criticism": "I assumed that I would have access to the directories and that the file system would be functioning correctly. In the future, I should verify these assumptions before starting the data collection process.",
        "speak": "I couldn't find any files in the root directory. I am going to search the web for potential issues with the file system or access permissions."
    },
    "command": {
        "name": "web_search",
        "args": {
            "query": "file system access issues"
        }
    }
}